<?xml version="1.0" encoding="UTF-8"?>
<!DOCTYPE log4j:configuration PUBLIC "-//APACHE//DTD LOG4J 1.2//EN" "log4j.dtd">
<log4j:configuration xmlns:log4j="http://jakarta.apache.org/log4j/">

	<!-- Appenders -->
	<appender name="console" class="org.apache.log4j.ConsoleAppender">
		<param name="Target" value="System.out" />
		<layout class="org.apache.log4j.PatternLayout">
			<param name="ConversionPattern" value="%-5p: %c - %m%n" />
		</layout>
	</appender>
	<appender name="file" class="org.apache.log4j.DailyRollingFileAppender">
		<param name="Append" value="false"/>
		<param name="File" value="${catalina.home}/logs/baguajie.log"/>
		<layout class="org.apache.log4j.PatternLayout">
			<param name="ConversionPattern" value="%-5p: %c - %m%n"/>
		</layout>
	</appender>
	
	<!-- Application Loggers -->
	<logger name="org.springframework.data.mongodb.core">
		<level value="warn" />
	</logger>
	
	<!-- 3rdparty Loggers -->
	<logger name="org.springframework.core">
		<level value="warn" />
	</logger>
	
	<logger name="org.springframework.beans">
		<level value="warn" />
	</logger>
	
	<logger name="org.springframework.context">
		<level value="warn" />
	</logger>
	<logger name="org.springframework.context.support">
		<level value="warn" />
	</logger>

	<logger name="org.springframework.http">
		<level value="warn" />
	</logger>

	<logger name="org.springframework.web">
		<level value="warn" />
	</logger>

	<!-- Root Logger -->
	<root>
		<priority value="debug" />
		<appender-ref ref="console" />
		<!--appender-ref ref="file" /-->
	</root>
	
</log4j:configuration>
