<?xml version="1.0" encoding="UTF-8"?>
<services-config>

    <services>
    	<service-include file-path="remoting-config.xml" />
    </services>

    <security>
    	<login-command class="flex.messaging.security.TomcatLoginCommand" server="Tomcat"/>
    </security>

    <channels>
        <channel-definition id="my-amf" class="mx.messaging.channels.AMFChannel">
            <endpoint url="http://{server.name}:{server.port}/{context.root}/messagebroker/amf" class="flex.messaging.endpoints.AMFEndpoint"/>
            <properties>
                <polling-enabled>false</polling-enabled>
            </properties>
        </channel-definition>

        <channel-definition id="my-polling-amf" class="mx.messaging.channels.AMFChannel">
            <endpoint url="http://{server.name}:{server.port}/{context.root}/messagebroker/amfpolling" class="flex.messaging.endpoints.AMFEndpoint"/>
            <properties>
                <polling-enabled>true</polling-enabled>
                <polling-interval-seconds>4</polling-interval-seconds>
            </properties>
        </channel-definition>

		<!-- AMF with streaming -->
		<channel-definition id="amf-stream" class="mx.messaging.channels.StreamingAMFChannel">
			<endpoint url="http://{server.name}:{server.port}/{context.root}/messagebroker/streamingamf"
				class="flex.messaging.endpoints.StreamingAMFEndpoint"/>
				<properties>
	                <connect-timeout-seconds>5</connect-timeout-seconds>
					<idle-timeout-minutes>1440</idle-timeout-minutes>
					<max-streaming-clients>50</max-streaming-clients>
					<server-to-client-heartbeat-millis>10000</server-to-client-heartbeat-millis>
					<user-agent-settings>
						<user-agent match-on="MSIE"
							kickstart-bytes="2048" max-streaming-connections-per-session="3"/>
						<user-agent match-on="Firefox"
							kickstart-bytes="0" max-streaming-connections-per-session="4"/>
					</user-agent-settings>
	            </properties>
		</channel-definition>

		<!-- Long polling AMF -->
		<channel-definition id="amf-longpoll" class="mx.messaging.channels.AMFChannel">
			<endpoint url="http://{server.name}:{server.port}/{context.root}/messagebroker/amflongpoll"
				class="flex.messaging.endpoints.AMFEndpoint"/>
			<properties>
				<polling-enabled>true</polling-enabled>
				<polling-interval-millis>0</polling-interval-millis>
				<wait-interval-millis>40000</wait-interval-millis>
				<max-waiting-poll-requests>125</max-waiting-poll-requests>
				<client-wait-interval-millis>5</client-wait-interval-millis>
				<piggybacking-enabled>true</piggybacking-enabled>
				<user-agent-settings>
					<user-agent match-on="MSIE"
						kickstart-bytes="2048" max-streaming-connections-per-session="3"/>
					<user-agent match-on="Firefox"
						kickstart-bytes="0" max-streaming-connections-per-session="4"/>
				</user-agent-settings>
			</properties>
		</channel-definition>
		
		<!-- Secure Long polling AMF -->
		<channel-definition id="secure-amf-longpoll" class="mx.messaging.channels.SecureAMFChannel">
			<endpoint url="https://{server.name}:{server.port}/{context.root}/messagebroker/amflongpollsecure"
				class="flex.messaging.endpoints.SecureAMFEndpoint"/>
			<properties>
				<add-no-cache-headers>false</add-no-cache-headers>
				<polling-enabled>true</polling-enabled>
				<polling-interval-millis>0</polling-interval-millis>
				<wait-interval-millis>30000</wait-interval-millis>
				<max-waiting-poll-requests>125</max-waiting-poll-requests>
				<client-wait-interval-millis>5</client-wait-interval-millis>
				<piggybacking-enabled>true</piggybacking-enabled>
				<user-agent-settings>
					<user-agent match-on="MSIE"
						kickstart-bytes="2048" max-streaming-connections-per-session="3"/>
					<user-agent match-on="Firefox"
						kickstart-bytes="0" max-streaming-connections-per-session="4"/>
				</user-agent-settings>
			</properties>
		</channel-definition>

        <channel-definition id="my-secure-amf" class="mx.messaging.channels.SecureAMFChannel">
            <endpoint url="https://{server.name}:{server.port}/{context.root}/messagebroker/amfsecure" class="flex.messaging.endpoints.SecureAMFEndpoint"/>
            <properties>
                <add-no-cache-headers>false</add-no-cache-headers>
            </properties>
        </channel-definition>

        <!--
        <channel-definition id="my-http" class="mx.messaging.channels.HTTPChannel">
            <endpoint url="http://{server.name}:{server.port}/{context.root}/messagebroker/http" class="flex.messaging.endpoints.HTTPEndpoint"/>
        </channel-definition>

        <channel-definition id="my-secure-http" class="mx.messaging.channels.SecureHTTPChannel">
            <endpoint url="https://{server.name}:{server.port}/{context.root}/messagebroker/httpsecure" class="flex.messaging.endpoints.SecureHTTPEndpoint"/>
            <properties>
                <add-no-cache-headers>false</add-no-cache-headers>
            </properties>
        </channel-definition>
        -->
    </channels>

    <logging>
        <target class="flex.messaging.log.ConsoleTarget" level="Error">
            <properties>
                <prefix>[BlazeDS] </prefix>
                <includeDate>false</includeDate>
                <includeTime>false</includeTime>
                <includeLevel>false</includeLevel>
                <includeCategory>false</includeCategory>
            </properties>
            <filters>
                <pattern>Endpoint.*</pattern>
                <pattern>Service.*</pattern>
                <pattern>Configuration</pattern>
            </filters>
        </target>
    </logging>

    <system>
        <redeploy>
            <enabled>false</enabled>
            <!-- 
            <watch-interval>20</watch-interval>
            <watch-file>{context.root}/WEB-INF/flex/services-config.xml</watch-file>
            <watch-file>{context.root}/WEB-INF/flex/proxy-config.xml</watch-file>
            <watch-file>{context.root}/WEB-INF/flex/remoting-config.xml</watch-file>
            <watch-file>{context.root}/WEB-INF/flex/messaging-config.xml</watch-file>
            <watch-file>{context.root}/WEB-INF/flex/data-management-config.xml</watch-file>
            <touch-file>{context.root}/WEB-INF/web.xml</touch-file>
             -->
        </redeploy>
    </system>

</services-config>
